Name,Company,address,area,city,mobile,email,date
LBS ACADEMY,,MAHAVEER NAGAR EXT. ,Mahaveer Nagar,KOTA,9352676769,info@lbsacademy.com,21-03-2015
slim fast,Rajesh jain,255 Shopping center,-,kota,8854859999,mjain055@Gmail.com,21-03-2015
M/S Hedrochem,Dr. Nitin Chauhan ,H-324(B)Indra Prashth ,-,KOTA,,nrihydrochem@yahoo.in,24-03-2015
Jahhar Travels,,Keshavpura ,-,KOTA,0744-2400313,,24-03-2015
Tripathi Motors ,,Anantpura Scheme ,-,KOTA,78777-77776,truipathimotors@gmail.com,24-03-2015
Maths ,Mayank Bhatia ,Mahaveer Nagar III,-,KOTA,97844-79443,,24-03-2015
Home & office DÃ©cor,,Kaka Complex Gumanpura ,Gumanpura,KOTA,98877-71000,,24-03-2015
S.R.THERMONIX TECHNOLOGIES ,,,-,,8527695766,group.srturbo@gmail.com,24-03-2015
SAI KRIPA ADVERTISEMENT,,331-B. TALWANDI,-,KOTA ,,,27-03-2015
SAI KRIPA ADVERTISEMENT,,331-B. TALWANDI,-,KOTA,9887793882,saikripa.advertisement@yahoo.com,27-03-2015
Marshal Sports,,,-,Meerut,,marshalsports@gmail.com,28-03-2015
Sanjay Plastics & Industrial Service ,,E-21 Industrial Estate Sanjay Nagar Circle DCM Road,-,KOTA,744-2363330,info@sanjayplastics.com,28-03-2015
sfdsfds,fdfds,dfd,-,fdfd,fdsafs,,28-03-2015
adfdsf,caaa,addd,-,cccc,mmmm,eeee,30-03-2015
Pixel electro control,sunil bafna,2 dha-5 vigyan nagar,-,KOTA,0744-2424027,,30-03-2015
Analyzer instrument co.pvt.ltd,s.k.gupta,E-29(A)road no-2i.p industrial area,-,KOTA,8058763953,aicplindia@gmail.com,30-03-2015
subhash se.sec school,,subhash road kishorepura,-,KOTA,0744-3203202,,30-03-2015
Shree Mohan Minerals,,C-105 Talwandi,Talwandi,KOTA,744-2431523,,07-04-2015
Hadoti Tours,,G-12 Vinayak Complex Nayapura,-,KOTA,232 6221,,07-04-2015
Sambhav graphics ,,rampura,-,KOTA,9414933823,,07-04-2015
Akash Institute,,306 B Ground Floor Talwandi,-,KOTA,9352027261,iitjee@aakashinstitute.com,07-04-2015
